{"chunk_definitions":[{"row":18,"row_count":1,"visible":true,"expansion_state":0,"options":{"include":false,"engine":"r","label":"setup","echo":false,"warning":false,"message":false},"document_id":"A6093D3A","chunk_id":"csetup_chunk","chunk_label":"setup"},{"row":26,"row_count":1,"visible":true,"expansion_state":0,"options":{"engine":"r","label":"nice-fig","echo":false,"fig.cap":"A nice fig","out.width":"50%","fig.align":"center"},"document_id":"A6093D3A","chunk_id":"cyd79wel3agmv","chunk_label":"nice-fig"},{"row":46,"row_count":1,"visible":true,"expansion_state":0,"options":{"engine":"r","label":"models","echo":false},"document_id":"A6093D3A","chunk_id":"c7fxgjlsb6pwm","chunk_label":"models"}],"doc_write_time":1603432324,"working_dir":null,"default_chunk_options":{}}