[{"name":"jquery","version":"1.11.3","src":{"file":"\/Library\/Frameworks\/R.framework\/Versions\/4.0\/Resources\/library\/rmarkdown\/rmd\/h\/jquery"},"meta":null,"script":"jquery.min.js","stylesheet":null,"head":null,"attachment":null,"package":null,"all_files":true},{"name":"bootstrap","version":"3.3.5","src":{"file":"\/Library\/Frameworks\/R.framework\/Versions\/4.0\/Resources\/library\/rmarkdown\/rmd\/h\/bootstrap"},"meta":{"viewport":"width=device-width, initial-scale=1"},"script":["js\/bootstrap.min.js","shim\/html5shiv.min.js","shim\/respond.min.js"],"stylesheet":"css\/cosmo.min.css","head":null,"attachment":null,"package":null,"all_files":true},{"name":"kePrint","version":"0.0.1","src":{"file":"\/Library\/Frameworks\/R.framework\/Versions\/4.0\/Resources\/library\/kableExtra\/kePrint-0.0.1"},"meta":null,"script":"kePrint.js","stylesheet":null,"head":null,"attachment":null,"package":null,"all_files":true},{"name":"lightable","version":"0.0.1","src":{"file":"\/Library\/Frameworks\/R.framework\/Versions\/4.0\/Resources\/library\/kableExtra\/lightable-0.0.1"},"meta":null,"script":null,"stylesheet":"lightable.css","head":null,"attachment":null,"package":null,"all_files":true}]
